{"a": 443, "V": 722, ";": 277, "A": 722, "?": 443, "k": 500, "|": 200, ">": 563, "X": 722, ":": 277, "T": 610, "O": 722, "-": 333, "{": 479, "z": 443, "4": 500, "$": 500, ",": 250, "f": 333, "B": 666, "s": 389, "x": 500, "%": 833, ")": 333, "6": 500, "}": 479, "G": 722, "W": 943, "p": 500, "h": 500, "o": 500, "v": 500, "S": 556, "Q": 722, "N": 722, "[": 333, "H": 722, "U": 722, "&": 777, "`": 333, "0": 500, "(": 333, "~": 541, "L": 610, "#": 500, " ": 250, "<": 563, "w": 722, "J": 389, "*": 500, "m": 777, "q": 500, "i": 277, "d": 500, "u": 500, "'": 180, "\\": 277, "2": 500, "/": 277, "I": 333, "@": 920, ".": 250, "y": 500, "]": 333, "F": 556, "5": 500, "\"": 408, "+": 563, "P": 556, "E": 610, "=": 563, "r": 333, "t": 277, "g": 500, "3": 500, "9": 500, "_": 500, "e": 443, "j": 277, "n": 500, "b": 500, "!": 333, "8": 500, "M": 889, "l": 277, "c": 443, "K": 722, "R": 666, "Z": 610, "C": 666, "7": 500, "D": 722, "^": 469, "Y": 722, "1": 500}